DOY,LAI_mean,LAI_std
191,4.9625,0.42883
202,7.89,0.46783
238,6.8375,0.3169
247,4.7625,0.27705
252,2.6,0.29337