DOY,LAI_mean,LAI_std
191,4.22,0.31464
202,7.025,0.42814
238,6.305,0.49763
247,4.29,0.29086
252,2.1325,0.34568